{
  "data": {
    "latestAvgApr": -37.47999921115192,
    "latestETHApr": -37.47999921115192
  },
  "timestamp": 1750172210355
}