{
  "data": {
<<<<<<< precious/metrics-update
    "latestAvgApr": -37.47999921115192,
    "latestETHApr": -37.47999921115192
  },
  "timestamp": 1750172210355
=======
    "latestAvgApr": 0.00,
    "latestETHApr": 0.00
  },
  "timestamp": 1735689600000 
>>>>>>> feature/homepage
}