{
  "data": {
    "latestAvgApr": -59.77890625,
    "latestETHApr": -57.980078125000006
  },
  "timestamp": 1748977116915
}