{
  "data": {
    "latestAvgApr": -48.38075187969925,
    "latestETHApr": -43.18353383458646
  },
  "timestamp": 1749115963427
}