{
  "data": {
    "latestAvgApr": -12.345452875000001,
    "latestETHApr": -8.108115914125001
  },
  "timestamp": 1749747511931
}